catalogue_sku,category_name,product_name,variant_name,product_id,variant_id,storage_path,source_product_page,source_image_url,official_sku,alt_text,visual_qa,output_bytes,output_sha256,mean_abs_pixel_delta_after_webp
OD184,Flags,Bow Flag 2m Single,Bow Flag 2m Single,9dc108d2-cc04-4fd8-80b0-ea1833bf6b36,5c19c765-b56c-4455-8129-73cde422eb17,images/products/flags-od184.webp,https://displaymania.co.za/shop/bow-banner-single-sided/,https://displaymania.co.za/wp-content/uploads/2021/03/Bow-Banner-single-Sided.jpg,OD184,Bow Flag 2m Single product image,PASS,48686,5158c25e07eeb206dd285d4da13a69824be0f22ba39247172aa67597ba8b1fe3,1.5529
OD189,Flags,Bow Flag 4m Double,Bow Flag 4m Double,65049c8c-67d1-46ea-bcb5-cb44f16bdf76,5d4f54b3-5fe1-4e26-996e-565cd03b7658,images/products/flags-od189.webp,https://displaymania.co.za/shop/bow-banner-double-sided/,https://displaymania.co.za/wp-content/uploads/2021/03/Bow-Banner-Double-Sided.jpg,OD189,Bow Flag 4m Double product image,PASS,62162,ab52e7db02d0f0ceea93d9ded51f09d22fa2f7ac4e81b056d6b415a177b79d3e,1.8294
OD318,Flags,Flame Lantern 1.8m Ground Spikes,Flame Lantern 1.8m Ground Spikes,4c85e884-d2e8-4423-8afd-fddf42549487,18f816a9-3b68-4ea4-bfdf-785f4c8a51e1,images/products/flags-od318.webp,https://displaymania.co.za/shop/lantern-banner/,https://displaymania.co.za/wp-content/uploads/2026/09/Lantern-Banner.png,OD318,Flame Lantern 1.8m Ground Spikes product image,PASS,392720,e5d35ffe41b19863164a3e76de5e8ded6a6f1e90cf34c3b3e6ec1942b2a5231f,2.1915
OD181,Flags,Sharkfin Deluxe Flag 2m Double,Sharkfin Deluxe Flag 2m Double,9546ac87-ff20-4653-a8a2-330c754ad329,2aadb42c-6e6d-41a1-94b8-4554aaeff9b0,images/products/flags-od181.webp,https://displaymania.co.za/shop/sharkfin-banner-double-sided/,https://displaymania.co.za/wp-content/uploads/2021/02/Sharkfin-Banner-Double-Sided.jpg,OD181,Sharkfin Deluxe Flag 2m Double product image,PASS,97552,d532d2420a69f88f3883559a7a276907bd9084bb3821d1e656909bca98af0efb,2.6986
OD182,Flags,Sharkfin Deluxe Flag 3m Double,Sharkfin Deluxe Flag 3m Double,803e8734-3567-485e-a668-53caeb65b0c4,8892764f-76ce-4e18-808f-a99916c6710f,images/products/flags-od182.webp,https://displaymania.co.za/shop/sharkfin-banner-double-sided/,https://displaymania.co.za/wp-content/uploads/2021/02/Sharkfin-Banner-Double-Sided.jpg,OD182,Sharkfin Deluxe Flag 3m Double product image,PASS,97552,d532d2420a69f88f3883559a7a276907bd9084bb3821d1e656909bca98af0efb,2.6986
OD179,Flags,Sharkfin Deluxe Flag 3m Single,Sharkfin Deluxe Flag 3m Single,60f0fac6-87bf-4600-b3bf-b5d0b173cfd3,58167a31-fdec-4f1b-bc72-78da65b91b69,images/products/flags-od179.webp,https://displaymania.co.za/shop/sharkfin-banner-single-sided/,https://displaymania.co.za/wp-content/uploads/2021/02/Sharkfin-Banner-single-Sided.jpg,OD179,Sharkfin Deluxe Flag 3m Single product image,PASS,80542,01121899663eb5d33d18d4bb7bc37a9336551b058a4659431544f34d124012e1,2.3976
OD180,Flags,Sharkfin Deluxe Flag 4m Single,Sharkfin Deluxe Flag 4m Single,d1cbc140-2562-4923-b408-083c341ad931,f19c6fe6-3dbe-4c25-a0e9-9eb473817332,images/products/flags-od180.webp,https://displaymania.co.za/shop/sharkfin-banner-single-sided/,https://displaymania.co.za/wp-content/uploads/2021/02/Sharkfin-Banner-single-Sided.jpg,OD180,Sharkfin Deluxe Flag 4m Single product image,PASS,80542,01121899663eb5d33d18d4bb7bc37a9336551b058a4659431544f34d124012e1,2.3976
OD282,Flags,Starshade 14m,Starshade 14m,525457f2-45bd-42b2-9b3b-c2f5fe144cc8,1066cecd-0fa1-45bb-a230-303a95573952,images/products/flags-od282.webp,https://displaymania.co.za/shop/starshade-tents/,https://displaymania.co.za/wp-content/uploads/2021/02/Starshade-Tents.jpg,OD282,Starshade 14m product image,PASS,134868,a88fef8616cffb489667d84091cc282aa9e7c20b47ae9e634f14482ab9243844,3.5294
OD284,Flags,Starshade 19m,Starshade 19m,76059e7d-fc6e-492f-9054-393e81663a65,410e0cba-3cba-4966-9311-e12bd7675721,images/products/flags-od284.webp,https://displaymania.co.za/shop/starshade-tents/,https://displaymania.co.za/wp-content/uploads/2021/02/Starshade-Tent-19m.jpg,OD284,Starshade 19m product image,PASS,19362,3d48f2992609981b43e7a9ba7ebf843d78c65729618bb60073bb5624742b65be,0.3229
OD177,Flags,Telescopic Flag 4m Double,Telescopic Flag 4m Double,4c83bc97-b26c-416e-bb86-cf4fbc2e267c,601cc9e3-903d-46ca-86c0-55744d670ad8,images/products/flags-od177.webp,https://displaymania.co.za/shop/telescopic-banner-double-sided/,https://displaymania.co.za/wp-content/uploads/2021/02/Telescopic-Banner-Double-Sided.jpg,OD177,Telescopic Flag 4m Double product image,PASS,119952,a161f6f674a5f9717897919a061344e5b1c02b3a355861e2d45ae69a0d3edf1a,3.0389
FS049,Frames & Components,A1 Sandwich Board 28mm,A1 Sandwich Board 28mm,dfd1a186-c2d5-4a9e-924a-390eb661b054,d931ef7b-6334-44e4-89ce-15c2f8e59072,images/products/frames-components-fs049.webp,https://displaymania.co.za/shop/sandwich-board-28mm-profile/,https://displaymania.co.za/wp-content/uploads/2021/04/Sandwich-Board.jpg,FS049,A1 Sandwich Board 28mm product image,PASS,22596,89abfe511136f1d7c9b23d2dd829c0f7a966bb3be35cd2b1428c42c0b9163fa6,0.3885
ID305,Furniture,Branded Standard Tablecloth 2.4x1.4m,Branded Standard Tablecloth 2.4x1.4m,e3963f63-265c-424d-9f46-be300303b8de,760b3a3a-b96b-4e22-a14c-628c5aa37cd5,images/products/furniture-id305.webp,https://displaymania.co.za/shop/table-cloths-flat/,https://displaymania.co.za/wp-content/uploads/2021/04/Table-Cloths-%E2%80%93-Flat.jpg,ID305,Branded Standard Tablecloth 2.4x1.4m product image,PASS,11634,a2bab051f32b3bacc4ed562663768d651dd17adc34b3f4a627990a44bb4ab963,0.238
ID258,Furniture,Branded Stretch Tablecloth 1800x760x690mm,Branded Stretch Tablecloth 1800x760x690mm,fd74788e-6164-4a02-89ea-89339b57d4d4,a7ef3ae5-d819-4922-8ef8-b44f4518209b,images/products/furniture-id258.webp,https://displaymania.co.za/shop/table-cloths-stretch/,https://displaymania.co.za/wp-content/uploads/2021/02/Tablecloth-Stretch.jpg,ID258,Branded Stretch Tablecloth 1800x760x690mm product image,PASS,47078,40e05a9c18c9c07c0c70e315c539cec653ac4144d6654c9c850ca15998a619e7,1.745
OD151,Gazebos & Kiosks,Premium Aluminium Gazebo 2x2m,Premium Aluminium Gazebo 2x2m,fc16bd35-d811-4deb-8e43-5eb3a8fa3111,17a8d91f-9930-4506-8e52-053ddd065f1e,images/products/gazebos-kiosks-od151.webp,https://displaymania.co.za/shop/premium-aluminium-gazebos/,https://displaymania.co.za/wp-content/uploads/2021/04/Premium-Aluminium-Gazebo-2x2-1.jpg,OD151,Premium Aluminium Gazebo 2x2m product image,PASS,9908,49103e3431ed4aea1e4fd22bcaaff1f5c302fdd99afeca51d692d9435f1496b9,0.2006
OD153,Gazebos & Kiosks,Premium Aluminium Gazebo 3x3m,Premium Aluminium Gazebo 3x3m,7f6886d1-fee7-46e5-bfa1-58d7f603f635,f95c1f78-64e6-418a-903c-e64182d5249f,images/products/gazebos-kiosks-od153.webp,https://displaymania.co.za/shop/premium-aluminium-gazebos/,https://displaymania.co.za/wp-content/uploads/2021/04/Premium-Aluminium-Gazebo-3x3-1.jpg,OD153,Premium Aluminium Gazebo 3x3m product image,PASS,13436,019f50d56760d998909c9b23091ee87d8e1d2a1fc8c323d7e7bbbc56dbbd2a4c,0.2295
OD154,Gazebos & Kiosks,Premium Aluminium Gazebo 3x4.5m,Premium Aluminium Gazebo 3x4.5m,b5d43799-cf29-4d98-a463-800164d345ac,5be86906-5ec9-4500-a2f3-f913feaec4cf,images/products/gazebos-kiosks-od154.webp,https://displaymania.co.za/shop/premium-aluminium-gazebos/,https://displaymania.co.za/wp-content/uploads/2021/04/Premium-Aluminium-Gazebo-3x4.5m.jpg,OD154,Premium Aluminium Gazebo 3x4.5m product image,PASS,14428,40571c3ff30a6d15d85d2497dbc540adfae39e5f6bb3337db7a0c8c2486561e2,0.1588
OD155,Gazebos & Kiosks,Premium Aluminium Gazebo 3x6m,Premium Aluminium Gazebo 3x6m,be4a811e-c76a-498c-b543-42dda420e385,04b1301f-23e1-44e8-ab76-e53d7a338df4,images/products/gazebos-kiosks-od155.webp,https://displaymania.co.za/shop/premium-aluminium-gazebos/,https://displaymania.co.za/wp-content/uploads/2021/04/Premium-Aluminium-Gazebo-3x6m.jpg,OD155,Premium Aluminium Gazebo 3x6m product image,PASS,12572,3542483c40afcca999a076455de159d7bab7798b300c12d1263f4b6bdd154443,0.3206
OD291,Gazebos & Kiosks,Value Steel Gazebo 2x2m,Value Steel Gazebo 2x2m,114a3397-ffc3-45b5-a0fb-bed6c0c28703,bf0cfc0f-eee4-4f57-b21a-ffaa2e6e8e84,images/products/gazebos-kiosks-od291.webp,https://displaymania.co.za/shop/value-steel-gazebo-powder-coated-white/,https://displaymania.co.za/wp-content/uploads/2021/04/Value-Steel-Gazebo-2x2-1.jpg,OD291,Value Steel Gazebo 2x2m product image,PASS,30428,57a29fff628ad74ed762fe36120350528f0066b6fd4e458a0ef5671c4bb0c16d,0.3022
OD292,Gazebos & Kiosks,Value Steel Gazebo 3x3m,Value Steel Gazebo 3x3m,121a7dc3-04ef-4693-b806-85be7100898a,d44605a6-c0cc-4190-b1e6-52aa2b5e9dd5,images/products/gazebos-kiosks-od292.webp,https://displaymania.co.za/shop/value-steel-gazebo-powder-coated-white/,https://displaymania.co.za/wp-content/uploads/2021/02/Value-Steel-Gazebo-Powder-Coated-White-560x560.jpg,OD292,Value Steel Gazebo 3x3m product image,PASS,87262,038f3c62c20ba6bb4e05bf93796b0afb58a9a8ed4c5d7c390f448cf05c19d421,2.9146
ID232,Indoor Branding,Deluxe Banner Wall 2.25x4.5m,Deluxe Banner Wall 2.25x4.5m,58ca6575-c856-4c07-ae36-2400d290e1bc,7c511efe-613c-44ff-b4eb-f3cb711d7e60,images/products/indoor-branding-id232.webp,https://displaymania.co.za/shop/straight-fabric-banner-wall/,https://displaymania.co.za/wp-content/uploads/2021/02/Straight-Banner.jpg,ID232,Deluxe Banner Wall 2.25x4.5m product image,PASS,66188,b23b15c706113f643cedf5c11fd7c90356096d9697afbccd2037f4f294f323d1,1.777
ID223,Indoor Branding,Econo Pull-Up Banner 2x0.85m,Econo Pull-Up Banner 2x0.85m,8a047cc4-312a-4cd9-a2f0-4173a274d122,440cff04-1419-40a7-9e65-1084cf044c99,images/products/indoor-branding-id223.webp,https://displaymania.co.za/shop/pull-up-banners-economy/,https://displaymania.co.za/wp-content/uploads/2021/02/Pull-Up-Banners-%E2%80%93-Economy.jpg,ID223,Econo Pull-Up Banner 2x0.85m product image,PASS,50478,33e78faa699e9922b51670614372e7f622bd66a9154478a5712e5c4738c6bc16,1.6032
ID273,Indoor Branding,Executive X-Banner 1.6x0.6m,Executive X-Banner 1.6x0.6m,8d84e725-7b19-4df2-b0ea-9613c4102c61,7d9e4192-3760-4193-a00c-6525ab6a7d8f,images/products/indoor-branding-id273.webp,https://displaymania.co.za/shop/x-banner/,https://displaymania.co.za/wp-content/uploads/2021/02/X-Banner.jpg,ID273,Executive X-Banner 1.6x0.6m product image,PASS,52326,23026fc692815f3f4855b92ad657ad1328a99a23edd6fa515a1580105b5d0730,1.6775
PR354,Outdoor Displays,PVC Outdoor Banner 2x1m,PVC Outdoor Banner 2x1m,3b677900-b23a-4802-8427-9ef70959cda2,a5e8b2b9-f9a6-44b4-b719-3e3a8ff3089a,images/products/outdoor-displays-pr354.webp,https://displaymania.co.za/shop/pvc-banners-glazed/,https://displaymania.co.za/wp-content/uploads/2021/06/PVC-Banner-2x1m.jpg,PR354,PVC Outdoor Banner 2x1m product image,PASS,42654,1cdbf1b8ade27e15a870d87ddad821e77279136cf50ae83c32d55f401b62803d,0.6547
OD210,Outdoor Displays,Round Pop-Up Banner 1x1m,Round Pop-Up Banner 1x1m,c9c4297b-cd31-42ed-accd-ea9c2cf277b1,bd274535-246d-47e2-a2c1-9b6d6ed759c6,images/products/outdoor-displays-od210.webp,https://displaymania.co.za/shop/round-pop-up-banner/,https://displaymania.co.za/wp-content/uploads/2021/02/Round-Pop-Up-Banner.jpg,OD210,Round Pop-Up Banner 1x1m product image,PASS,113684,5e0f484fce92e30874b9bbf33d584abbcd1d75b823966332a611a36bb669e9ba,2.8055
ID246,Promo Counters,Standard Promo Table 900x420x820mm,Standard Promo Table 900x420x820mm,b145b761-3322-49b4-b993-dda123ee2229,731c53f1-8e16-4140-981e-8bf7664cab99,images/products/promo-counters-id246.webp,https://displaymania.co.za/shop/standard-promo-table/,https://displaymania.co.za/wp-content/uploads/2021/02/Standard-Promo-Table.jpg,ID246,Standard Promo Table 900x420x820mm product image,PASS,60014,9bbf00bc19a0ce69d55970312ae8fecdb63620aea3ec520008352a1483e659fb,1.6048
ID248,Promo Counters,Standard Promo Table with Header 900x420x820mm,Standard Promo Table with Header 900x420x820mm,5c67085d-35a1-4c84-8f48-2be21986cd52,8686a775-a3fb-40f8-8689-54b5ccbb9de4,images/products/promo-counters-id248.webp,https://displaymania.co.za/shop/standard-promo-table-with-header/,https://displaymania.co.za/wp-content/uploads/2021/02/Standard-Promo-Table-with-Header.jpg,ID248,Standard Promo Table with Header 900x420x820mm product image,PASS,58150,266d7ac467aa7ca59159c1f69dc337eaf65a473ec430c24144841294cad77bf7,1.5971
ID293,Promo Counters,Value Promo Table 664x850x350mm,Value Promo Table 664x850x350mm,0617c86d-6c37-412c-9336-3a61001dd697,ef5e9676-e3ee-4685-84f6-3c741e68d6a5,images/products/promo-counters-id293.webp,https://displaymania.co.za/shop/value-promo-table/,https://displaymania.co.za/wp-content/uploads/2021/02/Value-Promo-Table.jpg,ID293,Value Promo Table 664x850x350mm product image,PASS,55866,68d67ba261367196970627a043f3c7663b5ca6d21732fda7087c8ea0fc857734,1.4795
