category_name,product_name,variant_name,catalogue_sku,product_id,variant_id,display_mania_product_name,display_mania_sku,display_mania_url,selected_reference_image_url,reported_confidence,strict_exact_identity,status_after_exact_gate,approval_reason
Flags,Bow Flag 2m Double,Bow Flag 2m Double,OD187,616532a2-254e-4455-9858-9cfc0dca0ec9,aaa8a74f-4ccd-46f6-b0d1-28638e27c018,Bow Banner - Double-Sided,4242,https://displaymania.co.za/shop/bow-banner-double-sided/,https://displaymania.co.za/wp-content/uploads/2021/03/Bow-Banner-Double-Sided.jpg,AMBIGUOUS,False,AMBIGUOUS,Not eligible for automatic approval under the exact-SKU gate.
Flags,Bow Flag 2m Single,Bow Flag 2m Single,OD184,9dc108d2-cc04-4fd8-80b0-ea1833bf6b36,5c19c765-b56c-4455-8129-73cde422eb17,Bow Banner – Single-Sided,OD184,https://displaymania.co.za/shop/bow-banner-single-sided/,https://displaymania.co.za/wp-content/uploads/2021/03/Bow-Banner-single-Sided.jpg,EXACT,True,PENDING_VISUAL_QA,"Exact catalogue ID, exact official SKU, official product page, and direct official reference image are present. Visual QA remains mandatory before asset approval."
Flags,Bow Flag 3m Double,Bow Flag 3m Double,OD188,38e35ee0-a5ca-41f9-a8fc-cedf553ee48a,abd164fd-23e7-4990-971a-09078936a720,Bow Banner – Double-Sided,,https://displaymania.co.za/shop/bow-banner-double-sided/,https://displaymania.co.za/wp-content/uploads/2021/03/Bow-Banner-Double-Sided.jpg,HIGH_CONFIDENCE,False,HIGH_CONFIDENCE,Not eligible for automatic approval under the exact-SKU gate.
Flags,Bow Flag 3m Single,Bow Flag 3m Single,OD185,13c072b1-3c5b-4a76-a4b3-f5c6bbacea6c,3a6971f5-c860-4307-9cf7-29f1f534de2d,Bow Banner – Single-Sided,4246,https://displaymania.co.za/shop/bow-banner-single-sided/,https://displaymania.co.za/wp-content/uploads/2021/03/Bow-Banner-single-Sided.jpg,HIGH_CONFIDENCE,False,HIGH_CONFIDENCE,Not eligible for automatic approval under the exact-SKU gate.
Flags,Bow Flag 4m Double,Bow Flag 4m Double,OD189,65049c8c-67d1-46ea-bcb5-cb44f16bdf76,5d4f54b3-5fe1-4e26-996e-565cd03b7658,Bow Banner – Double-Sided,OD189,https://displaymania.co.za/shop/bow-banner-double-sided/,https://displaymania.co.za/wp-content/uploads/2021/03/Bow-Banner-Double-Sided.jpg,EXACT,True,PENDING_VISUAL_QA,"Exact catalogue ID, exact official SKU, official product page, and direct official reference image are present. Visual QA remains mandatory before asset approval."
Flags,Bow Flag 4m Single,Bow Flag 4m Single,OD186,fc8d171f-1ce4-4fda-b301-08652264413a,610e8ec5-5c84-4222-b325-0b35302ac6fc,Bow Banner – Single-Sided,,https://displaymania.co.za/shop/bow-banner-single-sided/,,HIGH_CONFIDENCE,False,HIGH_CONFIDENCE,Not eligible for automatic approval under the exact-SKU gate.
Flags,Everyday Value Parasol 2m,Everyday Value Parasol 2m,OD304,e0f6c77a-1b1c-497a-8828-0f40e931fe50,f61e613c-e1bf-41b4-a706-f9d503554ef3,Parasols – Square Shape,,https://displaymania.co.za/shop/parasols-square-shape/,,AMBIGUOUS,False,AMBIGUOUS,Not eligible for automatic approval under the exact-SKU gate.
Flags,Flag in a Bag,Flag in a Bag,OD317,4a87fae3-2202-4a74-8108-1af20ec41684,5743f7af-6352-4667-8382-1968297e95b6,Flag in a bag ™,,https://displaymania.co.za/shop/flag-in-a-bag/,,HIGH_CONFIDENCE,False,HIGH_CONFIDENCE,Not eligible for automatic approval under the exact-SKU gate.
Flags,Flame Lantern 1.8m Ground Spikes,Flame Lantern 1.8m Ground Spikes,OD318,4c85e884-d2e8-4423-8afd-fddf42549487,18f816a9-3b68-4ea4-bfdf-785f4c8a51e1,Lantern Banner,OD318,https://displaymania.co.za/shop/lantern-banner/,https://displaymania.co.za/wp-content/uploads/2026/09/Lantern-Banner.png,EXACT,True,PENDING_VISUAL_QA,"Exact catalogue ID, exact official SKU, official product page, and direct official reference image are present. Visual QA remains mandatory before asset approval."
Flags,Flame Lantern 1.8m Indoor Base,Flame Lantern 1.8m Indoor Base,OD319,f3ce0187-695b-43b3-8479-02af85613078,a14cc9b7-d2a4-4381-adcb-7041123c6960,,,,,UNVERIFIED,False,UNVERIFIED,Not eligible for automatic approval under the exact-SKU gate.
Flags,Premium Parasol 2m,Premium Parasol 2m,OD286,f1ad041d-9486-4a4c-8da4-537c21c41678,210ebb9b-507e-45e4-a6bb-ccf08c78b241,Parasols – Square Shape,,https://displaymania.co.za/shop/parasols-square-shape/,,AMBIGUOUS,False,AMBIGUOUS,Not eligible for automatic approval under the exact-SKU gate.
Flags,Prism 2.1m Ground Spikes,Prism 2.1m Ground Spikes,OD297,d49a4491-41c9-4337-b6ad-987c97bfd363,2f349451-8a63-48c3-8c51-1c2f5a7d5711,,,,,UNVERIFIED,False,UNVERIFIED,Not eligible for automatic approval under the exact-SKU gate.
Flags,Prism 2.1m Indoor Base,Prism 2.1m Indoor Base,OD306,654cd598-89dc-4bca-8655-5c7306375ea4,3ea1e2e8-b6c9-4a34-bbd8-fb88aa616af4,,,,,UNVERIFIED,False,UNVERIFIED,Not eligible for automatic approval under the exact-SKU gate.
Flags,Sharkfin Deluxe Flag 2m Double,Sharkfin Deluxe Flag 2m Double,OD181,9546ac87-ff20-4653-a8a2-330c754ad329,2aadb42c-6e6d-41a1-94b8-4554aaeff9b0,Sharkfin Banner - Double-Sided,OD181,https://displaymania.co.za/shop/sharkfin-banner-double-sided/,https://displaymania.co.za/wp-content/uploads/2021/02/Sharkfin-Banner-Double-Sided.jpg,EXACT,True,PENDING_VISUAL_QA,"Exact catalogue ID, exact official SKU, official product page, and direct official reference image are present. Visual QA remains mandatory before asset approval."
Flags,Sharkfin Deluxe Flag 2m Single,Sharkfin Deluxe Flag 2m Single,OD178,3a1e95e9-7a83-49fe-af75-6c029707bc89,1337ab3e-38ce-474b-a940-c118d606fa26,Sharkfin Banner – Single-Sided,,https://displaymania.co.za/shop/sharkfin-banner-single-sided/,,HIGH_CONFIDENCE,False,HIGH_CONFIDENCE,Not eligible for automatic approval under the exact-SKU gate.
Flags,Sharkfin Deluxe Flag 3m Double,Sharkfin Deluxe Flag 3m Double,OD182,803e8734-3567-485e-a668-53caeb65b0c4,8892764f-76ce-4e18-808f-a99916c6710f,Sharkfin Banner – Double-Sided,OD182,https://displaymania.co.za/shop/sharkfin-banner-double-sided/,https://displaymania.co.za/wp-content/uploads/2021/02/Sharkfin-Banner-Double-Sided.jpg,EXACT,True,PENDING_VISUAL_QA,"Exact catalogue ID, exact official SKU, official product page, and direct official reference image are present. Visual QA remains mandatory before asset approval."
Flags,Sharkfin Deluxe Flag 3m Single,Sharkfin Deluxe Flag 3m Single,OD179,60f0fac6-87bf-4600-b3bf-b5d0b173cfd3,58167a31-fdec-4f1b-bc72-78da65b91b69,Sharkfin Banner – Single-Sided,OD179,https://displaymania.co.za/shop/sharkfin-banner-single-sided/,https://displaymania.co.za/wp-content/uploads/2021/02/Sharkfin-Banner-single-Sided.jpg,EXACT,True,PENDING_VISUAL_QA,"Exact catalogue ID, exact official SKU, official product page, and direct official reference image are present. Visual QA remains mandatory before asset approval."
Flags,Sharkfin Deluxe Flag 4m Double,Sharkfin Deluxe Flag 4m Double,OD183,8b1e01c3-e25c-48f1-acc3-b11ffbb997b6,84c08212-3276-4155-9594-85477c14bfa1,Sharkfin Banner - Double-Sided,4261,https://displaymania.co.za/shop/sharkfin-banner-double-sided/,https://displaymania.co.za/wp-content/uploads/2021/02/Sharkfin-Banner-Double-Sided.jpg,HIGH_CONFIDENCE,False,HIGH_CONFIDENCE,Not eligible for automatic approval under the exact-SKU gate.
Flags,Sharkfin Deluxe Flag 4m Single,Sharkfin Deluxe Flag 4m Single,OD180,d1cbc140-2562-4923-b408-083c341ad931,f19c6fe6-3dbe-4c25-a0e9-9eb473817332,Sharkfin Banner – Single-Sided,OD180,https://displaymania.co.za/shop/sharkfin-banner-single-sided/,https://displaymania.co.za/wp-content/uploads/2021/02/Sharkfin-Banner-single-Sided.jpg,EXACT,True,PENDING_VISUAL_QA,"Exact catalogue ID, exact official SKU, official product page, and direct official reference image are present. Visual QA remains mandatory before asset approval."
Flags,Starshade 14m,Starshade 14m,OD282,525457f2-45bd-42b2-9b3b-c2f5fe144cc8,1066cecd-0fa1-45bb-a230-303a95573952,Starshade Tents (14m option),OD282,https://displaymania.co.za/shop/starshade-tents/,https://displaymania.co.za/wp-content/uploads/2021/02/Starshade-Tents.jpg,EXACT,True,PENDING_VISUAL_QA,"Exact catalogue ID, exact official SKU, official product page, and direct official reference image are present. Visual QA remains mandatory before asset approval."
Flags,Starshade 19m,Starshade 19m,OD284,76059e7d-fc6e-492f-9054-393e81663a65,410e0cba-3cba-4966-9311-e12bd7675721,Starshade Tents,OD284,https://displaymania.co.za/shop/starshade-tents/,https://displaymania.co.za/wp-content/uploads/2021/02/Starshade-Tent-19m.jpg,EXACT,True,PENDING_VISUAL_QA,"Exact catalogue ID, exact official SKU, official product page, and direct official reference image are present. Visual QA remains mandatory before asset approval."
Flags,Starshade 6m,Starshade 6m,OD298,19037674-adb4-4e31-b2ab-582d131a28e1,1b977352-ffd3-41ab-80a6-ff61cec96c27,Starshade Tents,,https://displaymania.co.za/shop/starshade-tents/,https://displaymania.co.za/wp-content/uploads/2023/06/6m-star-shade-600x600.png,HIGH_CONFIDENCE,False,HIGH_CONFIDENCE,Not eligible for automatic approval under the exact-SKU gate.
Flags,Telescopic Flag 2m Double,Telescopic Flag 2m Double,OD175,74258c08-a8dc-465f-b5ba-595f3744f9db,85a5963f-3351-4c8b-97b7-bccfef25d82f,Telescopic Banner – Double-Sided,,https://displaymania.co.za/shop/telescopic-banner-double-sided/,https://displaymania.co.za/wp-content/uploads/2021/02/Telescopic-Banner-Double-Sided.jpg,HIGH_CONFIDENCE,False,HIGH_CONFIDENCE,Not eligible for automatic approval under the exact-SKU gate.
Flags,Telescopic Flag 2m Single,Telescopic Flag 2m Single,OD172,a6c4f4a5-3635-493c-93a6-dada9249fa82,8238dc73-e9db-466b-be66-cd048ea73701,Telescopic Banner – Single-Sided,,https://displaymania.co.za/shop/telescopic-banner-single-sided/,https://displaymania.co.za/wp-content/uploads/2021/02/Telescopic-Banner-Single-Sided.jpg,HIGH_CONFIDENCE,False,HIGH_CONFIDENCE,Not eligible for automatic approval under the exact-SKU gate.
Flags,Telescopic Flag 3m Double,Telescopic Flag 3m Double,OD176,f3edb603-176e-420b-b9ca-746d76e2be8b,963cd7a8-ac7e-4ec7-9f0e-84d7b0c9cd19,Telescopic Banner – Double-Sided,,https://displaymania.co.za/shop/telescopic-banner-double-sided/,,EXACT,False,DOWNGRADED_NONEXACT,Reported EXACT was downgraded because official SKU is missing or differs from the catalogue SKU.
Flags,Telescopic Flag 3m Single,Telescopic Flag 3m Single,OD173,b625c71f-b047-4fbb-9faf-122bfb5c5e33,af98c397-1372-4411-bb7a-57a767a57daf,Telescopic Banner - Single-Sided,4273,https://displaymania.co.za/shop/telescopic-banner-single-sided/,https://displaymania.co.za/wp-content/uploads/2021/02/Telescopic-Banner-Single-Sided.jpg,HIGH_CONFIDENCE,False,HIGH_CONFIDENCE,Not eligible for automatic approval under the exact-SKU gate.
Flags,Telescopic Flag 4m Double,Telescopic Flag 4m Double,OD177,4c83bc97-b26c-416e-bb86-cf4fbc2e267c,601cc9e3-903d-46ca-86c0-55744d670ad8,Telescopic Banner - Double-Sided,OD177,https://displaymania.co.za/shop/telescopic-banner-double-sided/,https://displaymania.co.za/wp-content/uploads/2021/02/Telescopic-Banner-Double-Sided.jpg,EXACT,True,PENDING_VISUAL_QA,"Exact catalogue ID, exact official SKU, official product page, and direct official reference image are present. Visual QA remains mandatory before asset approval."
Flags,Telescopic Flag 4m Single,Telescopic Flag 4m Single,OD174,601feaac-d56e-4af5-aa27-f6cd2809d0b7,e4b9a255-24ef-4bab-9ed5-7580100d00cc,Telescopic Banner – Single-Sided,,https://displaymania.co.za/shop/telescopic-banner-single-sided/,https://displaymania.co.za/wp-content/uploads/2021/02/Telescopic-Banner-Single-Sided.jpg,HIGH_CONFIDENCE,False,HIGH_CONFIDENCE,Not eligible for automatic approval under the exact-SKU gate.
Frames & Components,15mm Front-Loader Profile per Running Metre,15mm Front-Loader Profile per Running Metre,FF290F,e6403e87-4c72-469e-b7bf-c81342b3aed7,8e9d630b-64f6-4c6a-a69b-46336c2bd7f0,,,,,UNVERIFIED,False,UNVERIFIED,Not eligible for automatic approval under the exact-SKU gate.
Frames & Components,15mm Hardware Corner,15mm Hardware Corner,FF296,7b920db3-2bf0-4fdf-9c7f-78428418da26,e34dd5f5-aa13-47ef-879a-ed4056a817c6,,,,,UNVERIFIED,False,UNVERIFIED,Not eligible for automatic approval under the exact-SKU gate.
Frames & Components,15mm Modular Straight Connector,15mm Modular Straight Connector,FF295,0a219630-5dec-4b26-871f-1f03c504000e,2ded884d-e20f-4077-815f-c7a06d0337da,,,,,UNVERIFIED,False,UNVERIFIED,Not eligible for automatic approval under the exact-SKU gate.
Frames & Components,15mm Print with Chonk Edging per m²,15mm Print with Chonk Edging per m²,PR375,b28b3798-7f53-497d-9002-afed001e86c6,87260854-4e20-4711-9de3-d9af56d6b18e,,,,,UNVERIFIED,False,UNVERIFIED,Not eligible for automatic approval under the exact-SKU gate.
Frames & Components,50mm Double-Sided Fabric Frame 2000x1000mm,50mm Double-Sided Fabric Frame 2000x1000mm,FF097,a9f1c28c-9d18-41f0-949e-25293b272e32,d9ebbf97-1aaf-44e0-96c3-aebaa8481842,Double Sided 50mm Front Loader Fabric Frame,FF097,https://displaymania.co.za/shop/double-sided-50mm-front-loader-fabric-frame/,https://displaymania.co.za/wp-content/uploads/2021/06/Fabric-Frames-Double-Sided-50mm.jpg,EXACT,True,PENDING_VISUAL_QA,"Exact catalogue ID, exact official SKU, official product page, and direct official reference image are present. Visual QA remains mandatory before asset approval."
Frames & Components,50mm Double-Sided Fabric Frame 2000x3000mm,50mm Double-Sided Fabric Frame 2000x3000mm,FF096,8161e0db-74ae-4c7a-8fd6-213007d4572d,f91054f0-8763-4b02-8f0a-2b331cdaef0f,Double Sided 50mm Front Loader Fabric Frame,,https://displaymania.co.za/shop/double-sided-50mm-front-loader-fabric-frame/,,EXACT,False,DOWNGRADED_NONEXACT,Reported EXACT was downgraded because official SKU is missing or differs from the catalogue SKU.
Frames & Components,A1 H-Stand SnapIT,A1 H-Stand SnapIT,FS60,a36f9ba4-9277-406a-a1f4-7a68dc1200e2,55aa9697-6494-4411-af29-eb7427ace48f,H-Stand Freestanding Modular,,https://displaymania.co.za/shop/h-stand-freestanding-modular/,https://displaymania.co.za/wp-content/uploads/2021/02/H-Stand-Freestanding-Modular.jpg,HIGH_CONFIDENCE,False,HIGH_CONFIDENCE,Not eligible for automatic approval under the exact-SKU gate.
Frames & Components,A1 Sandwich Board 25mm,A1 Sandwich Board 25mm,FS046,40e88270-a2de-4b98-81b2-2e6c778a26f3,c51515fe-0d89-42d6-a516-fa92032fc3a0,25mm Sandwich board,,https://displaymania.co.za/shop/25mm-sandwich-board/,https://displaymania.co.za/wp-content/uploads/2022/10/Image-1-1.png,HIGH_CONFIDENCE,False,HIGH_CONFIDENCE,Not eligible for automatic approval under the exact-SKU gate.
Frames & Components,A1 Sandwich Board 28mm,A1 Sandwich Board 28mm,FS049,dfd1a186-c2d5-4a9e-924a-390eb661b054,d931ef7b-6334-44e4-89ce-15c2f8e59072,Sandwich Board – 28mm Profile,FS049,https://displaymania.co.za/shop/sandwich-board-28mm-profile/,https://displaymania.co.za/wp-content/uploads/2021/04/Sandwich-Board.jpg,EXACT,True,PENDING_VISUAL_QA,"Exact catalogue ID, exact official SKU, official product page, and direct official reference image are present. Visual QA remains mandatory before asset approval."
Frames & Components,Lollipop A1 Cross Base,Lollipop A1 Cross Base,FS082,41db7ce6-2701-4135-a1dc-1642884a9c3d,5d63ef95-4b27-4400-b7fc-ffbf0bec456c,Econo Slide Lollipop Stands,,https://displaymania.co.za/shop/econo-slide-lollipop-stands/,,HIGH_CONFIDENCE,False,HIGH_CONFIDENCE,Not eligible for automatic approval under the exact-SKU gate.
Frames & Components,Lollipop A2 Cross Base,Lollipop A2 Cross Base,FS081,0e3f0c04-bbb2-47ed-bc3a-2aa588382f31,93ebb295-1628-4a49-abe1-996f164ae204,Econo Slide Lollipop Stands,,https://displaymania.co.za/shop/econo-slide-lollipop-stands/,https://displaymania.co.za/wp-content/uploads/2021/02/Econo-Slide-Lollipop-Stands.jpg,HIGH_CONFIDENCE,False,HIGH_CONFIDENCE,Not eligible for automatic approval under the exact-SKU gate.
Frames & Components,Lollipop A3 Square Base,Lollipop A3 Square Base,FS073,b6a5d38f-c806-4b5b-82db-31b175614a7f,fb31beac-9c19-4405-a61e-0f1a2ce79e8e,,,,,UNVERIFIED,False,UNVERIFIED,Not eligible for automatic approval under the exact-SKU gate.
Frames & Components,Lollipop A4 Square Base,Lollipop A4 Square Base,FS072,156bedf6-e87f-434a-9ef5-d4ec299fdffe,d12552a8-6266-4254-a01e-6878a088fa61,,,,,AMBIGUOUS,False,AMBIGUOUS,Not eligible for automatic approval under the exact-SKU gate.
Furniture,Branded Full-Length Tablecloth 3x2m,Branded Full-Length Tablecloth 3x2m,ID257,12e2469d-7a21-4caa-b85a-d7681b650232,b0bf4788-3519-4cd9-9909-569234cb39e8,Tablecloths – Flat,,https://displaymania.co.za/shop/table-cloths-flat/,https://displaymania.co.za/wp-content/uploads/2021/02/Tableclothe-Flat.jpg,HIGH_CONFIDENCE,False,HIGH_CONFIDENCE,Not eligible for automatic approval under the exact-SKU gate.
Furniture,Branded Standard Tablecloth 2.4x1.4m,Branded Standard Tablecloth 2.4x1.4m,ID305,e3963f63-265c-424d-9f46-be300303b8de,760b3a3a-b96b-4e22-a14c-628c5aa37cd5,Tablecloths – Flat,ID305,https://displaymania.co.za/shop/table-cloths-flat/,https://displaymania.co.za/wp-content/uploads/2021/04/Table-Cloths-%E2%80%93-Flat.jpg,EXACT,True,PENDING_VISUAL_QA,"Exact catalogue ID, exact official SKU, official product page, and direct official reference image are present. Visual QA remains mandatory before asset approval."
Furniture,Branded Stretch Tablecloth 1800x760x690mm,Branded Stretch Tablecloth 1800x760x690mm,ID258,fd74788e-6164-4a02-89ea-89339b57d4d4,a7ef3ae5-d819-4922-8ef8-b44f4518209b,Tablecloths – Stretch,ID258,https://displaymania.co.za/shop/table-cloths-stretch/,https://displaymania.co.za/wp-content/uploads/2021/02/Tablecloth-Stretch.jpg,EXACT,True,PENDING_VISUAL_QA,"Exact catalogue ID, exact official SKU, official product page, and direct official reference image are present. Visual QA remains mandatory before asset approval."
Furniture,Directors Chair Black,Directors Chair Black,OD326,04169b3b-f914-4f16-994b-05bcb16305eb,8f0958eb-33e1-4afc-917a-6b0b1d141db6,Directors Chair,,https://displaymania.co.za/shop/directors-chair-2/,https://displaymania.co.za/wp-content/uploads/2021/02/Directors-Chair-Black.png,HIGH_CONFIDENCE,False,HIGH_CONFIDENCE,Not eligible for automatic approval under the exact-SKU gate.
Furniture,Directors Chair Standard,Directors Chair Standard,OD217,92873d7e-36a6-4550-8e58-bb9e8a2792fb,4ef9a890-52cc-4577-9361-9ac628266a35,Directors Chair,,https://displaymania.co.za/shop/directors-chair-2/,https://displaymania.co.za/wp-content/uploads/2021/02/Directors-Chair-01.png,HIGH_CONFIDENCE,False,HIGH_CONFIDENCE,Not eligible for automatic approval under the exact-SKU gate.
Furniture,Plastic Folding Chair with Branded Backrest,Plastic Folding Chair with Branded Backrest,ID253,99f94532-2f85-4e98-886f-2222e0f8917d,bf29a741-4100-480d-b058-e8512d2053d2,Plastic Folding Chair,,https://displaymania.co.za/shop/plastic-folding-chair/,https://displaymania.co.za/wp-content/uploads/2021/03/Plastic-Folding-Chair.jpg,HIGH_CONFIDENCE,False,HIGH_CONFIDENCE,Not eligible for automatic approval under the exact-SKU gate.
Furniture,Type B Large Folding Table,Type B Large Folding Table,ID255,5d0f8dc5-6c58-45d9-9e4b-bcfe6c373d80,a3632bde-7001-42ea-a8a4-5fac7ffa0b67,Collapsible Tables,,https://displaymania.co.za/shop/collapsible-tables/,https://displaymania.co.za/wp-content/uploads/2021/02/Foldable-Table.jpg,HIGH_CONFIDENCE,False,HIGH_CONFIDENCE,Not eligible for automatic approval under the exact-SKU gate.
Gazebos & Kiosks,Alufusion Gazebo 3x3m,Alufusion Gazebo 3x3m,OD305,a54a5e44-3bf2-4ffc-926b-59aa77c39b98,0dd5a60b-d576-4b3a-97f4-58d6162e8e26,Premium Aluminium Gazebos,,https://displaymania.co.za/shop/premium-aluminium-gazebos/,,UNVERIFIED,False,UNVERIFIED,Not eligible for automatic approval under the exact-SKU gate.
Gazebos & Kiosks,Dome Roof Pop-Up Kiosk 1x1m,Dome Roof Pop-Up Kiosk 1x1m,OD300,67f55bad-939f-4683-89fd-e77e62d2cd8a,05866110-98c1-4639-9ad4-01ead0bb4419,Premium Dome Kiosk,9762,https://displaymania.co.za/shop/premium-dome-kiosk/,https://displaymania.co.za/wp-content/uploads/2024/08/Premium-Dome-Kiosk.jpg,HIGH_CONFIDENCE,False,HIGH_CONFIDENCE,Not eligible for automatic approval under the exact-SKU gate.
Gazebos & Kiosks,Flat Roof Pop-Up Kiosk 1x1m,Flat Roof Pop-Up Kiosk 1x1m,OD279,a64dd8f5-1ea3-4cc1-b2ab-ae091e1eb0ab,72b6b080-43b9-4032-beda-e24351df3877,,,,,UNVERIFIED,False,UNVERIFIED,Not eligible for automatic approval under the exact-SKU gate.
Gazebos & Kiosks,Heavy-Duty Steel Gazebo 3x3m,Heavy-Duty Steel Gazebo 3x3m,OD323,6a446f89-b8eb-47b8-a84a-fd102276a832,9518fed0-4abf-4358-b6d9-6d9148ea2f2d,Premium Steel Gazebo – Hexagonal Profile,4376,https://displaymania.co.za/shop/premium-steel-gazebo-hexagonal-profile/,https://displaymania.co.za/wp-content/uploads/2021/02/Premium-Steel-Gazebo-%E2%80%93-Hexagonal-Profile.jpg,AMBIGUOUS,False,AMBIGUOUS,Not eligible for automatic approval under the exact-SKU gate.
Gazebos & Kiosks,Premium Aluminium Gazebo 2x2m,Premium Aluminium Gazebo 2x2m,OD151,fc16bd35-d811-4deb-8e43-5eb3a8fa3111,17a8d91f-9930-4506-8e52-053ddd065f1e,Premium Aluminium Gazebos,OD151,https://displaymania.co.za/shop/premium-aluminium-gazebos/,https://displaymania.co.za/wp-content/uploads/2021/04/Premium-Aluminium-Gazebo-2x2-1.jpg,EXACT,True,PENDING_VISUAL_QA,"Exact catalogue ID, exact official SKU, official product page, and direct official reference image are present. Visual QA remains mandatory before asset approval."
Gazebos & Kiosks,Premium Aluminium Gazebo 3x3m,Premium Aluminium Gazebo 3x3m,OD153,7f6886d1-fee7-46e5-bfa1-58d7f603f635,f95c1f78-64e6-418a-903c-e64182d5249f,Premium Aluminium Gazebos,OD153,https://displaymania.co.za/shop/premium-aluminium-gazebos/,https://displaymania.co.za/wp-content/uploads/2021/04/Premium-Aluminium-Gazebo-3x3-1.jpg,EXACT,True,PENDING_VISUAL_QA,"Exact catalogue ID, exact official SKU, official product page, and direct official reference image are present. Visual QA remains mandatory before asset approval."
Gazebos & Kiosks,Premium Aluminium Gazebo 3x4.5m,Premium Aluminium Gazebo 3x4.5m,OD154,b5d43799-cf29-4d98-a463-800164d345ac,5be86906-5ec9-4500-a2f3-f913feaec4cf,Premium Aluminium Gazebos,OD154,https://displaymania.co.za/shop/premium-aluminium-gazebos/,https://displaymania.co.za/wp-content/uploads/2021/04/Premium-Aluminium-Gazebo-3x4.5m.jpg,EXACT,True,PENDING_VISUAL_QA,"Exact catalogue ID, exact official SKU, official product page, and direct official reference image are present. Visual QA remains mandatory before asset approval."
Gazebos & Kiosks,Premium Aluminium Gazebo 3x6m,Premium Aluminium Gazebo 3x6m,OD155,be4a811e-c76a-498c-b543-42dda420e385,04b1301f-23e1-44e8-ab76-e53d7a338df4,Premium Aluminium Gazebos,OD155,https://displaymania.co.za/shop/premium-aluminium-gazebos/,https://displaymania.co.za/wp-content/uploads/2021/04/Premium-Aluminium-Gazebo-3x6m.jpg,EXACT,True,PENDING_VISUAL_QA,"Exact catalogue ID, exact official SKU, official product page, and direct official reference image are present. Visual QA remains mandatory before asset approval."
Gazebos & Kiosks,Value Steel Gazebo 2x2m,Value Steel Gazebo 2x2m,OD291,114a3397-ffc3-45b5-a0fb-bed6c0c28703,bf0cfc0f-eee4-4f57-b21a-ffaa2e6e8e84,Value Steel Gazebo Powder Coated White,OD291,https://displaymania.co.za/shop/value-steel-gazebo-powder-coated-white/,https://displaymania.co.za/wp-content/uploads/2021/02/Value-Steel-Gazebo-Powder-Coated-White.jpg,EXACT,True,PENDING_VISUAL_QA,"Exact catalogue ID, exact official SKU, official product page, and direct official reference image are present. Visual QA remains mandatory before asset approval."
Gazebos & Kiosks,Value Steel Gazebo 3x3m,Value Steel Gazebo 3x3m,OD292,121a7dc3-04ef-4693-b806-85be7100898a,d44605a6-c0cc-4190-b1e6-52aa2b5e9dd5,Value Steel Gazebo Powder Coated White,OD292,https://displaymania.co.za/shop/value-steel-gazebo-powder-coated-white/,https://displaymania.co.za/wp-content/uploads/2021/02/Value-Steel-Gazebo-Powder-Coated-White.jpg,EXACT,True,PENDING_VISUAL_QA,"Exact catalogue ID, exact official SKU, official product page, and direct official reference image are present. Visual QA remains mandatory before asset approval."
Indoor Branding,Deluxe Banner Wall 2.25x2.25m,Deluxe Banner Wall 2.25x2.25m,ID229,517e93bb-c034-4fc2-aef5-0d2fa0667c21,bd1e8eaf-be39-425f-9453-f63f5f1f5fa4,Straight Fabric Banner Wall,3891,https://displaymania.co.za/shop/straight-fabric-banner-wall/,https://displaymania.co.za/wp-content/uploads/2021/02/Straight-Banner.jpg,AMBIGUOUS,False,AMBIGUOUS,Not eligible for automatic approval under the exact-SKU gate.
Indoor Branding,Deluxe Banner Wall 2.25x3.75m,Deluxe Banner Wall 2.25x3.75m,ID231,d64019ac-ce8e-4cb6-b755-3e98813371eb,43d49e2b-9a91-4f59-95f1-42747c18d0a7,,,,,UNVERIFIED,False,UNVERIFIED,Not eligible for automatic approval under the exact-SKU gate.
Indoor Branding,Deluxe Banner Wall 2.25x3m,Deluxe Banner Wall 2.25x3m,ID230,7c3a0ee5-3d08-488e-9673-183a556b0dd6,58b68cec-5bc1-40ad-ac60-53e3683d2f8d,Straight Fabric Banner Wall,,https://displaymania.co.za/shop/straight-fabric-banner-wall/,,AMBIGUOUS,False,AMBIGUOUS,Not eligible for automatic approval under the exact-SKU gate.
Indoor Branding,Deluxe Banner Wall 2.25x4.5m,Deluxe Banner Wall 2.25x4.5m,ID232,58ca6575-c856-4c07-ae36-2400d290e1bc,7c511efe-613c-44ff-b4eb-f3cb711d7e60,Straight Fabric Banner Wall,ID232,https://displaymania.co.za/shop/straight-fabric-banner-wall/,https://displaymania.co.za/wp-content/uploads/2021/02/Straight-Banner.jpg,EXACT,True,PENDING_VISUAL_QA,"Exact catalogue ID, exact official SKU, official product page, and direct official reference image are present. Visual QA remains mandatory before asset approval."
Indoor Branding,Econo Pull-Up Banner 2x0.85m,Econo Pull-Up Banner 2x0.85m,ID223,8a047cc4-312a-4cd9-a2f0-4173a274d122,440cff04-1419-40a7-9e65-1084cf044c99,Pull Up Banners – Economy,ID223,https://displaymania.co.za/shop/pull-up-banners-economy/,https://displaymania.co.za/wp-content/uploads/2021/02/Pull-Up-Banners-%E2%80%93-Economy.jpg,EXACT,True,PENDING_VISUAL_QA,"Exact catalogue ID, exact official SKU, official product page, and direct official reference image are present. Visual QA remains mandatory before asset approval."
Indoor Branding,Executive Pull-Up Banner 2x0.85m,Executive Pull-Up Banner 2x0.85m,ID221,c004a66e-4477-46d9-b7a6-b63a47cb389a,5ef91d8d-d181-40c3-a5eb-c7e559ecc6a8,Pull Up Banners – Executive,,https://displaymania.co.za/shop/pull-up-banners-executive/,https://displaymania.co.za/wp-content/uploads/2021/02/Pull-Up-Banners-%E2%80%93-Executive.jpg,HIGH_CONFIDENCE,False,HIGH_CONFIDENCE,Not eligible for automatic approval under the exact-SKU gate.
Indoor Branding,Executive X-Banner 1.2x2m,Executive X-Banner 1.2x2m,ID275,f958690a-2c4d-4bd9-b102-29e58d6792be,d7ffa39a-b344-4b54-ae38-076cc7ad0e15,X-Banner,3887,https://displaymania.co.za/shop/x-banner/,https://displaymania.co.za/wp-content/uploads/2021/02/X-Banner.jpg,HIGH_CONFIDENCE,False,HIGH_CONFIDENCE,Not eligible for automatic approval under the exact-SKU gate.
Indoor Branding,Executive X-Banner 1.6x0.6m,Executive X-Banner 1.6x0.6m,ID273,8d84e725-7b19-4df2-b0ea-9613c4102c61,7d9e4192-3760-4193-a00c-6525ab6a7d8f,X-Banner,ID273,https://displaymania.co.za/shop/x-banner/,https://displaymania.co.za/wp-content/uploads/2021/02/X-Banner.jpg,EXACT,True,PENDING_VISUAL_QA,"Exact catalogue ID, exact official SKU, official product page, and direct official reference image are present. Visual QA remains mandatory before asset approval."
Indoor Branding,Executive X-Banner 1.8x0.8m,Executive X-Banner 1.8x0.8m,ID274,d17bbcda-0ed7-4572-9585-400dbbf5b152,90fd0631-b855-40b3-98cb-85ca5ff06ad9,X-Banner,,https://displaymania.co.za/shop/x-banner/,https://displaymania.co.za/wp-content/uploads/2021/02/X-Banner.jpg,HIGH_CONFIDENCE,False,HIGH_CONFIDENCE,Not eligible for automatic approval under the exact-SKU gate.
Indoor Branding,Slimline Flat Sock 1.6x0.8m,Slimline Flat Sock 1.6x0.8m,ID308,1f386b3d-8c7e-49eb-aa8d-022fed8da86f,0d61919c-de6a-470a-8eca-8c21dd7bd08f,Slimline Banner wall,,https://displaymania.co.za/shop/flat-banner/,https://displaymania.co.za/wp-content/uploads/2021/02/Slimline-Wall-Banner.jpg,HIGH_CONFIDENCE,False,HIGH_CONFIDENCE,Not eligible for automatic approval under the exact-SKU gate.
Indoor Branding,Slimline Flat Sock 2x0.8m,Slimline Flat Sock 2x0.8m,ID239,7d39d428-e055-4011-9030-aeafe2331cbc,345c700a-ea49-4db7-b929-6e537e69575d,Slimline Banner wall,,https://displaymania.co.za/shop/flat-banner/,https://displaymania.co.za/wp-content/uploads/2021/02/Slimline-Wall-Banner.jpg,HIGH_CONFIDENCE,False,HIGH_CONFIDENCE,Not eligible for automatic approval under the exact-SKU gate.
Indoor Branding,Slimline Flat Sock 2x2m,Slimline Flat Sock 2x2m,ID313,1e6e9885-b9b4-43ba-b3c1-930b18861c5f,49d05562-301d-4acf-be50-3f86daf53514,Slimline Banner wall,,https://displaymania.co.za/shop/flat-banner/,https://displaymania.co.za/wp-content/uploads/2021/02/Slimline-Wall-Banner.jpg,HIGH_CONFIDENCE,False,HIGH_CONFIDENCE,Not eligible for automatic approval under the exact-SKU gate.
Indoor Branding,Slimline Flat Sock 2x3m,Slimline Flat Sock 2x3m,ID241,fe0081ce-010a-4d39-b884-0098a043b289,422a4d9e-a4b7-4334-9b78-c559d0d0f6d9,Slimline Banner wall,,https://displaymania.co.za/shop/flat-banner/,https://displaymania.co.za/wp-content/uploads/2021/02/Flat-Banner-1.5x2m.jpg,HIGH_CONFIDENCE,False,HIGH_CONFIDENCE,Not eligible for automatic approval under the exact-SKU gate.
Outdoor Displays,A-Frame Display 2x1m,A-Frame Display 2x1m,OD204,4f832f52-f154-42b8-88f1-635d93a5e3b1,39f285f1-e55b-4923-b317-9ab5a33751de,Aluminium A-Frame Banner,,https://displaymania.co.za/shop/aluminium-a-frame-banner/,https://displaymania.co.za/wp-content/uploads/2021/06/Aluminium-A-Frame-Banner.jpg,HIGH_CONFIDENCE,False,HIGH_CONFIDENCE,Not eligible for automatic approval under the exact-SKU gate.
Outdoor Displays,Airtek Mesh Fence 2x1m,Airtek Mesh Fence 2x1m,PR357,cbd77db3-e0ad-4248-b0cd-f8056201dc16,dc264ef7-9f51-4343-b3b3-ca1bcc93eba3,,,,,UNVERIFIED,False,UNVERIFIED,Not eligible for automatic approval under the exact-SKU gate.
Outdoor Displays,Airtek Mesh Fence 3x1m,Airtek Mesh Fence 3x1m,PR358,a53b53c7-a5b3-42da-83a1-f30aca7c6646,f7aed59d-6a92-49ca-a421-7f7d639f4034,,,,,UNVERIFIED,False,UNVERIFIED,Not eligible for automatic approval under the exact-SKU gate.
Outdoor Displays,Horizontal Pop-Up Banner 1.5x0.7m,Horizontal Pop-Up Banner 1.5x0.7m,OD285,13a3d92d-4c4a-45de-9de6-8b2d8c18a44c,484b3516-df07-4073-8a20-ed4a3d1b30d7,Horizontal Pop-Up Banner,4257,https://displaymania.co.za/shop/horizontal-pop-up-banner/,https://displaymania.co.za/wp-content/uploads/2021/02/Horizontal-Pop-up-banner.jpg,HIGH_CONFIDENCE,False,HIGH_CONFIDENCE,Not eligible for automatic approval under the exact-SKU gate.
Outdoor Displays,Horizontal Pop-Up Banner 2x1m,Horizontal Pop-Up Banner 2x1m,OD208,be531811-ad82-4aeb-80dc-87796e1fa8ef,ffa1d1ce-3064-485a-965b-c61a4a5f2e5e,Horizontal Pop-Up Banner,,https://displaymania.co.za/shop/horizontal-pop-up-banner/,https://displaymania.co.za/wp-content/uploads/2021/02/Horizontal-Pop-up-banner.jpg,HIGH_CONFIDENCE,False,HIGH_CONFIDENCE,Not eligible for automatic approval under the exact-SKU gate.
Outdoor Displays,PVC Outdoor Banner 2x1m,PVC Outdoor Banner 2x1m,PR354,3b677900-b23a-4802-8427-9ef70959cda2,a5e8b2b9-f9a6-44b4-b719-3e3a8ff3089a,PVC Banners - Glazed,PR354,https://displaymania.co.za/shop/pvc-banners-glazed/,https://displaymania.co.za/wp-content/uploads/2021/06/PVC-Banner-2x1m.jpg,EXACT,True,PENDING_VISUAL_QA,"Exact catalogue ID, exact official SKU, official product page, and direct official reference image are present. Visual QA remains mandatory before asset approval."
Outdoor Displays,PVC Outdoor Banner 3x1m,PVC Outdoor Banner 3x1m,PR355,8ae860c1-4f28-49a9-82d1-7a0c96778057,650742da-185d-499a-83a6-b10c5898695e,PVC Banners – Glazed,,https://displaymania.co.za/shop/pvc-banners-glazed/,,HIGH_CONFIDENCE,False,HIGH_CONFIDENCE,Not eligible for automatic approval under the exact-SKU gate.
Outdoor Displays,Round Pop-Up Banner 1x1m,Round Pop-Up Banner 1x1m,OD210,c9c4297b-cd31-42ed-accd-ea9c2cf277b1,bd274535-246d-47e2-a2c1-9b6d6ed759c6,Round Pop-Up Banner,OD210,https://displaymania.co.za/shop/round-pop-up-banner/,https://displaymania.co.za/wp-content/uploads/2021/02/Round-Pop-Up-Banner.jpg,EXACT,True,PENDING_VISUAL_QA,"Exact catalogue ID, exact official SKU, official product page, and direct official reference image are present. Visual QA remains mandatory before asset approval."
Promo Counters,Curved Kidney Promo Table 900x500x560mm,Curved Kidney Promo Table 900x500x560mm,ID295,ef72cef8-ffc7-4771-b8cb-c5e2e1b18f20,056aa128-2433-4f22-9373-9f3e3edbb1ce,Curved (Kidney) Shaped Promo Table,,https://displaymania.co.za/shop/curved-kidney-shaped-promo-table/,https://displaymania.co.za/wp-content/uploads/2021/02/Curved-Kidney-Shaped-Promo-Table.jpg,HIGH_CONFIDENCE,False,HIGH_CONFIDENCE,Not eligible for automatic approval under the exact-SKU gate.
Promo Counters,Easy Folding Promo Table 950x450x810mm,Easy Folding Promo Table 950x450x810mm,ID326,4581663e-c499-421f-9b33-a39f3bd42b6f,2ee9bed5-36a1-492d-b710-e963a96a8e5c,Easy Folding Promo Table,,https://displaymania.co.za/shop/easy-folding-promo-table/,https://displaymania.co.za/wp-content/uploads/2026/07/Easy-Folding-Promo-Table-1.png,HIGH_CONFIDENCE,False,HIGH_CONFIDENCE,Not eligible for automatic approval under the exact-SKU gate.
Promo Counters,Pop-Up Expo Table 1000x400x800mm,Pop-Up Expo Table 1000x400x800mm,ID325,5913057e-f0bc-4dff-b43b-b6a18abb58ac,ca3ff16b-8037-4a25-a6f7-53d7fd982ec9,,,,,UNVERIFIED,False,UNVERIFIED,Not eligible for automatic approval under the exact-SKU gate.
Promo Counters,Standard Promo Table 900x420x820mm,Standard Promo Table 900x420x820mm,ID246,b145b761-3322-49b4-b993-dda123ee2229,731c53f1-8e16-4140-981e-8bf7664cab99,Standard Promo Table,ID246,https://displaymania.co.za/shop/standard-promo-table/,https://displaymania.co.za/wp-content/uploads/2021/02/Standard-Promo-Table.jpg,EXACT,True,PENDING_VISUAL_QA,"Exact catalogue ID, exact official SKU, official product page, and direct official reference image are present. Visual QA remains mandatory before asset approval."
Promo Counters,Standard Promo Table with Header 900x420x820mm,Standard Promo Table with Header 900x420x820mm,ID248,5c67085d-35a1-4c84-8f48-2be21986cd52,8686a775-a3fb-40f8-8689-54b5ccbb9de4,Standard Promo Table with Header,ID248,https://displaymania.co.za/shop/standard-promo-table-with-header/,https://displaymania.co.za/wp-content/uploads/2021/02/Standard-Promo-Table-with-Header.jpg,EXACT,True,PENDING_VISUAL_QA,"Exact catalogue ID, exact official SKU, official product page, and direct official reference image are present. Visual QA remains mandatory before asset approval."
Promo Counters,Value Promo Table 664x850x350mm,Value Promo Table 664x850x350mm,ID293,0617c86d-6c37-412c-9336-3a61001dd697,ef5e9676-e3ee-4685-84f6-3c741e68d6a5,Value Promo Table,ID293,https://displaymania.co.za/shop/value-promo-table/,https://displaymania.co.za/wp-content/uploads/2021/02/Value-Promo-Table.jpg,EXACT,True,PENDING_VISUAL_QA,"Exact catalogue ID, exact official SKU, official product page, and direct official reference image are present. Visual QA remains mandatory before asset approval."
