product_id,product_name,product_slug,product_status,category_name,variant_id,variant_name,variant_slug,variant_sku,supplier_sku,variant_status,source_description
616532a2-254e-4455-9858-9cfc0dca0ec9,Bow Flag 2m Double,flags-od187,ACTIVE,Flags,aaa8a74f-4ccd-46f6-b0d1-28638e27c018,Bow Flag 2m Double,od187,OD187,OD187,ACTIVE,September 2026 Display Mania reseller price list; EX VAT
9dc108d2-cc04-4fd8-80b0-ea1833bf6b36,Bow Flag 2m Single,flags-od184,ACTIVE,Flags,5c19c765-b56c-4455-8129-73cde422eb17,Bow Flag 2m Single,od184,OD184,OD184,ACTIVE,September 2026 Display Mania reseller price list; EX VAT
38e35ee0-a5ca-41f9-a8fc-cedf553ee48a,Bow Flag 3m Double,flags-od188,ACTIVE,Flags,abd164fd-23e7-4990-971a-09078936a720,Bow Flag 3m Double,od188,OD188,OD188,ACTIVE,September 2026 Display Mania reseller price list; EX VAT
13c072b1-3c5b-4a76-a4b3-f5c6bbacea6c,Bow Flag 3m Single,flags-od185,ACTIVE,Flags,3a6971f5-c860-4307-9cf7-29f1f534de2d,Bow Flag 3m Single,od185,OD185,OD185,ACTIVE,September 2026 Display Mania reseller price list; EX VAT
65049c8c-67d1-46ea-bcb5-cb44f16bdf76,Bow Flag 4m Double,flags-od189,ACTIVE,Flags,5d4f54b3-5fe1-4e26-996e-565cd03b7658,Bow Flag 4m Double,od189,OD189,OD189,ACTIVE,September 2026 Display Mania reseller price list; EX VAT
fc8d171f-1ce4-4fda-b301-08652264413a,Bow Flag 4m Single,flags-od186,ACTIVE,Flags,610e8ec5-5c84-4222-b325-0b35302ac6fc,Bow Flag 4m Single,od186,OD186,OD186,ACTIVE,September 2026 Display Mania reseller price list; EX VAT
e0f6c77a-1b1c-497a-8828-0f40e931fe50,Everyday Value Parasol 2m,flags-od304,ACTIVE,Flags,f61e613c-e1bf-41b4-a706-f9d503554ef3,Everyday Value Parasol 2m,od304,OD304,OD304,ACTIVE,September 2026 Display Mania reseller price list; EX VAT
4a87fae3-2202-4a74-8108-1af20ec41684,Flag in a Bag,flags-od317,ACTIVE,Flags,5743f7af-6352-4667-8382-1968297e95b6,Flag in a Bag,od317,OD317,OD317,ACTIVE,September 2026 Display Mania reseller price list; EX VAT
4c85e884-d2e8-4423-8afd-fddf42549487,Flame Lantern 1.8m Ground Spikes,flags-od318,ACTIVE,Flags,18f816a9-3b68-4ea4-bfdf-785f4c8a51e1,Flame Lantern 1.8m Ground Spikes,od318,OD318,OD318,ACTIVE,September 2026 Display Mania reseller price list; EX VAT
f3ce0187-695b-43b3-8479-02af85613078,Flame Lantern 1.8m Indoor Base,flags-od319,ACTIVE,Flags,a14cc9b7-d2a4-4381-adcb-7041123c6960,Flame Lantern 1.8m Indoor Base,od319,OD319,OD319,ACTIVE,September 2026 Display Mania reseller price list; EX VAT
f1ad041d-9486-4a4c-8da4-537c21c41678,Premium Parasol 2m,flags-od286,ACTIVE,Flags,210ebb9b-507e-45e4-a6bb-ccf08c78b241,Premium Parasol 2m,od286,OD286,OD286,ACTIVE,September 2026 Display Mania reseller price list; EX VAT
d49a4491-41c9-4337-b6ad-987c97bfd363,Prism 2.1m Ground Spikes,flags-od297,ACTIVE,Flags,2f349451-8a63-48c3-8c51-1c2f5a7d5711,Prism 2.1m Ground Spikes,od297,OD297,OD297,ACTIVE,September 2026 Display Mania reseller price list; EX VAT
654cd598-89dc-4bca-8655-5c7306375ea4,Prism 2.1m Indoor Base,flags-od306,ACTIVE,Flags,3ea1e2e8-b6c9-4a34-bbd8-fb88aa616af4,Prism 2.1m Indoor Base,od306,OD306,OD306,ACTIVE,September 2026 Display Mania reseller price list; EX VAT
9546ac87-ff20-4653-a8a2-330c754ad329,Sharkfin Deluxe Flag 2m Double,flags-od181,ACTIVE,Flags,2aadb42c-6e6d-41a1-94b8-4554aaeff9b0,Sharkfin Deluxe Flag 2m Double,od181,OD181,OD181,ACTIVE,September 2026 Display Mania reseller price list; EX VAT
3a1e95e9-7a83-49fe-af75-6c029707bc89,Sharkfin Deluxe Flag 2m Single,flags-od178,ACTIVE,Flags,1337ab3e-38ce-474b-a940-c118d606fa26,Sharkfin Deluxe Flag 2m Single,od178,OD178,OD178,ACTIVE,September 2026 Display Mania reseller price list; EX VAT
803e8734-3567-485e-a668-53caeb65b0c4,Sharkfin Deluxe Flag 3m Double,flags-od182,ACTIVE,Flags,8892764f-76ce-4e18-808f-a99916c6710f,Sharkfin Deluxe Flag 3m Double,od182,OD182,OD182,ACTIVE,September 2026 Display Mania reseller price list; EX VAT
60f0fac6-87bf-4600-b3bf-b5d0b173cfd3,Sharkfin Deluxe Flag 3m Single,flags-od179,ACTIVE,Flags,58167a31-fdec-4f1b-bc72-78da65b91b69,Sharkfin Deluxe Flag 3m Single,od179,OD179,OD179,ACTIVE,September 2026 Display Mania reseller price list; EX VAT
8b1e01c3-e25c-48f1-acc3-b11ffbb997b6,Sharkfin Deluxe Flag 4m Double,flags-od183,ACTIVE,Flags,84c08212-3276-4155-9594-85477c14bfa1,Sharkfin Deluxe Flag 4m Double,od183,OD183,OD183,ACTIVE,September 2026 Display Mania reseller price list; EX VAT
d1cbc140-2562-4923-b408-083c341ad931,Sharkfin Deluxe Flag 4m Single,flags-od180,ACTIVE,Flags,f19c6fe6-3dbe-4c25-a0e9-9eb473817332,Sharkfin Deluxe Flag 4m Single,od180,OD180,OD180,ACTIVE,September 2026 Display Mania reseller price list; EX VAT
525457f2-45bd-42b2-9b3b-c2f5fe144cc8,Starshade 14m,flags-od282,ACTIVE,Flags,1066cecd-0fa1-45bb-a230-303a95573952,Starshade 14m,od282,OD282,OD282,ACTIVE,September 2026 Display Mania reseller price list; EX VAT
76059e7d-fc6e-492f-9054-393e81663a65,Starshade 19m,flags-od284,ACTIVE,Flags,410e0cba-3cba-4966-9311-e12bd7675721,Starshade 19m,od284,OD284,OD284,ACTIVE,September 2026 Display Mania reseller price list; EX VAT
19037674-adb4-4e31-b2ab-582d131a28e1,Starshade 6m,flags-od298,ACTIVE,Flags,1b977352-ffd3-41ab-80a6-ff61cec96c27,Starshade 6m,od298,OD298,OD298,ACTIVE,September 2026 Display Mania reseller price list; EX VAT
74258c08-a8dc-465f-b5ba-595f3744f9db,Telescopic Flag 2m Double,flags-od175,ACTIVE,Flags,85a5963f-3351-4c8b-97b7-bccfef25d82f,Telescopic Flag 2m Double,od175,OD175,OD175,ACTIVE,September 2026 Display Mania reseller price list; EX VAT
a6c4f4a5-3635-493c-93a6-dada9249fa82,Telescopic Flag 2m Single,flags-od172,ACTIVE,Flags,8238dc73-e9db-466b-be66-cd048ea73701,Telescopic Flag 2m Single,od172,OD172,OD172,ACTIVE,September 2026 Display Mania reseller price list; EX VAT
f3edb603-176e-420b-b9ca-746d76e2be8b,Telescopic Flag 3m Double,flags-od176,ACTIVE,Flags,963cd7a8-ac7e-4ec7-9f0e-84d7b0c9cd19,Telescopic Flag 3m Double,od176,OD176,OD176,ACTIVE,September 2026 Display Mania reseller price list; EX VAT
b625c71f-b047-4fbb-9faf-122bfb5c5e33,Telescopic Flag 3m Single,flags-od173,ACTIVE,Flags,af98c397-1372-4411-bb7a-57a767a57daf,Telescopic Flag 3m Single,od173,OD173,OD173,ACTIVE,September 2026 Display Mania reseller price list; EX VAT
4c83bc97-b26c-416e-bb86-cf4fbc2e267c,Telescopic Flag 4m Double,flags-od177,ACTIVE,Flags,601cc9e3-903d-46ca-86c0-55744d670ad8,Telescopic Flag 4m Double,od177,OD177,OD177,ACTIVE,September 2026 Display Mania reseller price list; EX VAT
601feaac-d56e-4af5-aa27-f6cd2809d0b7,Telescopic Flag 4m Single,flags-od174,ACTIVE,Flags,e4b9a255-24ef-4bab-9ed5-7580100d00cc,Telescopic Flag 4m Single,od174,OD174,OD174,ACTIVE,September 2026 Display Mania reseller price list; EX VAT
e6403e87-4c72-469e-b7bf-c81342b3aed7,15mm Front-Loader Profile per Running Metre,frames-components-ff290f,ACTIVE,Frames & Components,8e9d630b-64f6-4c6a-a69b-46336c2bd7f0,15mm Front-Loader Profile per Running Metre,ff290f,FF290F,FF290F,ACTIVE,September 2026 Display Mania reseller price list; EX VAT
7b920db3-2bf0-4fdf-9c7f-78428418da26,15mm Hardware Corner,frames-components-ff296,ACTIVE,Frames & Components,e34dd5f5-aa13-47ef-879a-ed4056a817c6,15mm Hardware Corner,ff296,FF296,FF296,ACTIVE,September 2026 Display Mania reseller price list; EX VAT
0a219630-5dec-4b26-871f-1f03c504000e,15mm Modular Straight Connector,frames-components-ff295,ACTIVE,Frames & Components,2ded884d-e20f-4077-815f-c7a06d0337da,15mm Modular Straight Connector,ff295,FF295,FF295,ACTIVE,September 2026 Display Mania reseller price list; EX VAT
b28b3798-7f53-497d-9002-afed001e86c6,15mm Print with Chonk Edging per m²,frames-components-pr375,ACTIVE,Frames & Components,87260854-4e20-4711-9de3-d9af56d6b18e,15mm Print with Chonk Edging per m²,pr375,PR375,PR375,ACTIVE,September 2026 Display Mania reseller price list; EX VAT
a9f1c28c-9d18-41f0-949e-25293b272e32,50mm Double-Sided Fabric Frame 2000x1000mm,frames-components-ff097,ACTIVE,Frames & Components,d9ebbf97-1aaf-44e0-96c3-aebaa8481842,50mm Double-Sided Fabric Frame 2000x1000mm,ff097,FF097,FF097,ACTIVE,September 2026 Display Mania reseller price list; EX VAT
8161e0db-74ae-4c7a-8fd6-213007d4572d,50mm Double-Sided Fabric Frame 2000x3000mm,frames-components-ff096,ACTIVE,Frames & Components,f91054f0-8763-4b02-8f0a-2b331cdaef0f,50mm Double-Sided Fabric Frame 2000x3000mm,ff096,FF096,FF096,ACTIVE,September 2026 Display Mania reseller price list; EX VAT
a36f9ba4-9277-406a-a1f4-7a68dc1200e2,A1 H-Stand SnapIT,frames-components-fs60,ACTIVE,Frames & Components,55aa9697-6494-4411-af29-eb7427ace48f,A1 H-Stand SnapIT,fs60,FS60,FS60,ACTIVE,September 2026 Display Mania reseller price list; EX VAT
40e88270-a2de-4b98-81b2-2e6c778a26f3,A1 Sandwich Board 25mm,frames-components-fs046,ACTIVE,Frames & Components,c51515fe-0d89-42d6-a516-fa92032fc3a0,A1 Sandwich Board 25mm,fs046,FS046,FS046,ACTIVE,September 2026 Display Mania reseller price list; EX VAT
dfd1a186-c2d5-4a9e-924a-390eb661b054,A1 Sandwich Board 28mm,frames-components-fs049,ACTIVE,Frames & Components,d931ef7b-6334-44e4-89ce-15c2f8e59072,A1 Sandwich Board 28mm,fs049,FS049,FS049,ACTIVE,September 2026 Display Mania reseller price list; EX VAT
41db7ce6-2701-4135-a1dc-1642884a9c3d,Lollipop A1 Cross Base,frames-components-fs082,ACTIVE,Frames & Components,5d63ef95-4b27-4400-b7fc-ffbf0bec456c,Lollipop A1 Cross Base,fs082,FS082,FS082,ACTIVE,September 2026 Display Mania reseller price list; EX VAT
0e3f0c04-bbb2-47ed-bc3a-2aa588382f31,Lollipop A2 Cross Base,frames-components-fs081,ACTIVE,Frames & Components,93ebb295-1628-4a49-abe1-996f164ae204,Lollipop A2 Cross Base,fs081,FS081,FS081,ACTIVE,September 2026 Display Mania reseller price list; EX VAT
b6a5d38f-c806-4b5b-82db-31b175614a7f,Lollipop A3 Square Base,frames-components-fs073,ACTIVE,Frames & Components,fb31beac-9c19-4405-a61e-0f1a2ce79e8e,Lollipop A3 Square Base,fs073,FS073,FS073,ACTIVE,September 2026 Display Mania reseller price list; EX VAT
156bedf6-e87f-434a-9ef5-d4ec299fdffe,Lollipop A4 Square Base,frames-components-fs072,ACTIVE,Frames & Components,d12552a8-6266-4254-a01e-6878a088fa61,Lollipop A4 Square Base,fs072,FS072,FS072,ACTIVE,September 2026 Display Mania reseller price list; EX VAT
12e2469d-7a21-4caa-b85a-d7681b650232,Branded Full-Length Tablecloth 3x2m,furniture-id257,ACTIVE,Furniture,b0bf4788-3519-4cd9-9909-569234cb39e8,Branded Full-Length Tablecloth 3x2m,id257,ID257,ID257,ACTIVE,September 2026 Display Mania reseller price list; EX VAT
e3963f63-265c-424d-9f46-be300303b8de,Branded Standard Tablecloth 2.4x1.4m,furniture-id305,ACTIVE,Furniture,760b3a3a-b96b-4e22-a14c-628c5aa37cd5,Branded Standard Tablecloth 2.4x1.4m,id305,ID305,ID305,ACTIVE,September 2026 Display Mania reseller price list; EX VAT
fd74788e-6164-4a02-89ea-89339b57d4d4,Branded Stretch Tablecloth 1800x760x690mm,furniture-id258,ACTIVE,Furniture,a7ef3ae5-d819-4922-8ef8-b44f4518209b,Branded Stretch Tablecloth 1800x760x690mm,id258,ID258,ID258,ACTIVE,September 2026 Display Mania reseller price list; EX VAT
04169b3b-f914-4f16-994b-05bcb16305eb,Directors Chair Black,furniture-od326,ACTIVE,Furniture,8f0958eb-33e1-4afc-917a-6b0b1d141db6,Directors Chair Black,od326,OD326,OD326,ACTIVE,September 2026 Display Mania reseller price list; EX VAT
92873d7e-36a6-4550-8e58-bb9e8a2792fb,Directors Chair Standard,furniture-od217,ACTIVE,Furniture,4ef9a890-52cc-4577-9361-9ac628266a35,Directors Chair Standard,od217,OD217,OD217,ACTIVE,September 2026 Display Mania reseller price list; EX VAT
99f94532-2f85-4e98-886f-2222e0f8917d,Plastic Folding Chair with Branded Backrest,furniture-id253,ACTIVE,Furniture,bf29a741-4100-480d-b058-e8512d2053d2,Plastic Folding Chair with Branded Backrest,id253,ID253,ID253,ACTIVE,September 2026 Display Mania reseller price list; EX VAT
5d0f8dc5-6c58-45d9-9e4b-bcfe6c373d80,Type B Large Folding Table,furniture-id255,ACTIVE,Furniture,a3632bde-7001-42ea-a8a4-5fac7ffa0b67,Type B Large Folding Table,id255,ID255,ID255,ACTIVE,September 2026 Display Mania reseller price list; EX VAT
a54a5e44-3bf2-4ffc-926b-59aa77c39b98,Alufusion Gazebo 3x3m,gazebos-kiosks-od305,ACTIVE,Gazebos & Kiosks,0dd5a60b-d576-4b3a-97f4-58d6162e8e26,Alufusion Gazebo 3x3m,od305,OD305,OD305,ACTIVE,September 2026 Display Mania reseller price list; EX VAT
67f55bad-939f-4683-89fd-e77e62d2cd8a,Dome Roof Pop-Up Kiosk 1x1m,gazebos-kiosks-od300,ACTIVE,Gazebos & Kiosks,05866110-98c1-4639-9ad4-01ead0bb4419,Dome Roof Pop-Up Kiosk 1x1m,od300,OD300,OD300,ACTIVE,September 2026 Display Mania reseller price list; EX VAT
a64dd8f5-1ea3-4cc1-b2ab-ae091e1eb0ab,Flat Roof Pop-Up Kiosk 1x1m,gazebos-kiosks-od279,ACTIVE,Gazebos & Kiosks,72b6b080-43b9-4032-beda-e24351df3877,Flat Roof Pop-Up Kiosk 1x1m,od279,OD279,OD279,ACTIVE,September 2026 Display Mania reseller price list; EX VAT
6a446f89-b8eb-47b8-a84a-fd102276a832,Heavy-Duty Steel Gazebo 3x3m,gazebos-kiosks-od323,ACTIVE,Gazebos & Kiosks,9518fed0-4abf-4358-b6d9-6d9148ea2f2d,Heavy-Duty Steel Gazebo 3x3m,od323,OD323,OD323,ACTIVE,September 2026 Display Mania reseller price list; EX VAT
fc16bd35-d811-4deb-8e43-5eb3a8fa3111,Premium Aluminium Gazebo 2x2m,gazebos-kiosks-od151,ACTIVE,Gazebos & Kiosks,17a8d91f-9930-4506-8e52-053ddd065f1e,Premium Aluminium Gazebo 2x2m,od151,OD151,OD151,ACTIVE,September 2026 Display Mania reseller price list; EX VAT
7f6886d1-fee7-46e5-bfa1-58d7f603f635,Premium Aluminium Gazebo 3x3m,gazebos-kiosks-od153,ACTIVE,Gazebos & Kiosks,f95c1f78-64e6-418a-903c-e64182d5249f,Premium Aluminium Gazebo 3x3m,od153,OD153,OD153,ACTIVE,September 2026 Display Mania reseller price list; EX VAT
b5d43799-cf29-4d98-a463-800164d345ac,Premium Aluminium Gazebo 3x4.5m,gazebos-kiosks-od154,ACTIVE,Gazebos & Kiosks,5be86906-5ec9-4500-a2f3-f913feaec4cf,Premium Aluminium Gazebo 3x4.5m,od154,OD154,OD154,ACTIVE,September 2026 Display Mania reseller price list; EX VAT
be4a811e-c76a-498c-b543-42dda420e385,Premium Aluminium Gazebo 3x6m,gazebos-kiosks-od155,ACTIVE,Gazebos & Kiosks,04b1301f-23e1-44e8-ab76-e53d7a338df4,Premium Aluminium Gazebo 3x6m,od155,OD155,OD155,ACTIVE,September 2026 Display Mania reseller price list; EX VAT
114a3397-ffc3-45b5-a0fb-bed6c0c28703,Value Steel Gazebo 2x2m,gazebos-kiosks-od291,ACTIVE,Gazebos & Kiosks,bf0cfc0f-eee4-4f57-b21a-ffaa2e6e8e84,Value Steel Gazebo 2x2m,od291,OD291,OD291,ACTIVE,September 2026 Display Mania reseller price list; EX VAT
121a7dc3-04ef-4693-b806-85be7100898a,Value Steel Gazebo 3x3m,gazebos-kiosks-od292,ACTIVE,Gazebos & Kiosks,d44605a6-c0cc-4190-b1e6-52aa2b5e9dd5,Value Steel Gazebo 3x3m,od292,OD292,OD292,ACTIVE,September 2026 Display Mania reseller price list; EX VAT
517e93bb-c034-4fc2-aef5-0d2fa0667c21,Deluxe Banner Wall 2.25x2.25m,indoor-branding-id229,ACTIVE,Indoor Branding,bd1e8eaf-be39-425f-9453-f63f5f1f5fa4,Deluxe Banner Wall 2.25x2.25m,id229,ID229,ID229,ACTIVE,September 2026 Display Mania reseller price list; EX VAT
d64019ac-ce8e-4cb6-b755-3e98813371eb,Deluxe Banner Wall 2.25x3.75m,indoor-branding-id231,ACTIVE,Indoor Branding,43d49e2b-9a91-4f59-95f1-42747c18d0a7,Deluxe Banner Wall 2.25x3.75m,id231,ID231,ID231,ACTIVE,September 2026 Display Mania reseller price list; EX VAT
7c3a0ee5-3d08-488e-9673-183a556b0dd6,Deluxe Banner Wall 2.25x3m,indoor-branding-id230,ACTIVE,Indoor Branding,58b68cec-5bc1-40ad-ac60-53e3683d2f8d,Deluxe Banner Wall 2.25x3m,id230,ID230,ID230,ACTIVE,September 2026 Display Mania reseller price list; EX VAT
58ca6575-c856-4c07-ae36-2400d290e1bc,Deluxe Banner Wall 2.25x4.5m,indoor-branding-id232,ACTIVE,Indoor Branding,7c511efe-613c-44ff-b4eb-f3cb711d7e60,Deluxe Banner Wall 2.25x4.5m,id232,ID232,ID232,ACTIVE,September 2026 Display Mania reseller price list; EX VAT
8a047cc4-312a-4cd9-a2f0-4173a274d122,Econo Pull-Up Banner 2x0.85m,indoor-branding-id223,ACTIVE,Indoor Branding,440cff04-1419-40a7-9e65-1084cf044c99,Econo Pull-Up Banner 2x0.85m,id223,ID223,ID223,ACTIVE,September 2026 Display Mania reseller price list; EX VAT
c004a66e-4477-46d9-b7a6-b63a47cb389a,Executive Pull-Up Banner 2x0.85m,indoor-branding-id221,ACTIVE,Indoor Branding,5ef91d8d-d181-40c3-a5eb-c7e559ecc6a8,Executive Pull-Up Banner 2x0.85m,id221,ID221,ID221,ACTIVE,September 2026 Display Mania reseller price list; EX VAT
f958690a-2c4d-4bd9-b102-29e58d6792be,Executive X-Banner 1.2x2m,indoor-branding-id275,ACTIVE,Indoor Branding,d7ffa39a-b344-4b54-ae38-076cc7ad0e15,Executive X-Banner 1.2x2m,id275,ID275,ID275,ACTIVE,September 2026 Display Mania reseller price list; EX VAT
8d84e725-7b19-4df2-b0ea-9613c4102c61,Executive X-Banner 1.6x0.6m,indoor-branding-id273,ACTIVE,Indoor Branding,7d9e4192-3760-4193-a00c-6525ab6a7d8f,Executive X-Banner 1.6x0.6m,id273,ID273,ID273,ACTIVE,September 2026 Display Mania reseller price list; EX VAT
d17bbcda-0ed7-4572-9585-400dbbf5b152,Executive X-Banner 1.8x0.8m,indoor-branding-id274,ACTIVE,Indoor Branding,90fd0631-b855-40b3-98cb-85ca5ff06ad9,Executive X-Banner 1.8x0.8m,id274,ID274,ID274,ACTIVE,September 2026 Display Mania reseller price list; EX VAT
1f386b3d-8c7e-49eb-aa8d-022fed8da86f,Slimline Flat Sock 1.6x0.8m,indoor-branding-id308,ACTIVE,Indoor Branding,0d61919c-de6a-470a-8eca-8c21dd7bd08f,Slimline Flat Sock 1.6x0.8m,id308,ID308,ID308,ACTIVE,September 2026 Display Mania reseller price list; EX VAT
7d39d428-e055-4011-9030-aeafe2331cbc,Slimline Flat Sock 2x0.8m,indoor-branding-id239,ACTIVE,Indoor Branding,345c700a-ea49-4db7-b929-6e537e69575d,Slimline Flat Sock 2x0.8m,id239,ID239,ID239,ACTIVE,September 2026 Display Mania reseller price list; EX VAT
1e6e9885-b9b4-43ba-b3c1-930b18861c5f,Slimline Flat Sock 2x2m,indoor-branding-id313,ACTIVE,Indoor Branding,49d05562-301d-4acf-be50-3f86daf53514,Slimline Flat Sock 2x2m,id313,ID313,ID313,ACTIVE,September 2026 Display Mania reseller price list; EX VAT
fe0081ce-010a-4d39-b884-0098a043b289,Slimline Flat Sock 2x3m,indoor-branding-id241,ACTIVE,Indoor Branding,422a4d9e-a4b7-4334-9b78-c559d0d0f6d9,Slimline Flat Sock 2x3m,id241,ID241,ID241,ACTIVE,September 2026 Display Mania reseller price list; EX VAT
4f832f52-f154-42b8-88f1-635d93a5e3b1,A-Frame Display 2x1m,outdoor-displays-od204,ACTIVE,Outdoor Displays,39f285f1-e55b-4923-b317-9ab5a33751de,A-Frame Display 2x1m,od204,OD204,OD204,ACTIVE,September 2026 Display Mania reseller price list; EX VAT
cbd77db3-e0ad-4248-b0cd-f8056201dc16,Airtek Mesh Fence 2x1m,outdoor-displays-pr357,ACTIVE,Outdoor Displays,dc264ef7-9f51-4343-b3b3-ca1bcc93eba3,Airtek Mesh Fence 2x1m,pr357,PR357,PR357,ACTIVE,September 2026 Display Mania reseller price list; EX VAT
a53b53c7-a5b3-42da-83a1-f30aca7c6646,Airtek Mesh Fence 3x1m,outdoor-displays-pr358,ACTIVE,Outdoor Displays,f7aed59d-6a92-49ca-a421-7f7d639f4034,Airtek Mesh Fence 3x1m,pr358,PR358,PR358,ACTIVE,September 2026 Display Mania reseller price list; EX VAT
13a3d92d-4c4a-45de-9de6-8b2d8c18a44c,Horizontal Pop-Up Banner 1.5x0.7m,outdoor-displays-od285,ACTIVE,Outdoor Displays,484b3516-df07-4073-8a20-ed4a3d1b30d7,Horizontal Pop-Up Banner 1.5x0.7m,od285,OD285,OD285,ACTIVE,September 2026 Display Mania reseller price list; EX VAT
be531811-ad82-4aeb-80dc-87796e1fa8ef,Horizontal Pop-Up Banner 2x1m,outdoor-displays-od208,ACTIVE,Outdoor Displays,ffa1d1ce-3064-485a-965b-c61a4a5f2e5e,Horizontal Pop-Up Banner 2x1m,od208,OD208,OD208,ACTIVE,September 2026 Display Mania reseller price list; EX VAT
3b677900-b23a-4802-8427-9ef70959cda2,PVC Outdoor Banner 2x1m,outdoor-displays-pr354,ACTIVE,Outdoor Displays,a5e8b2b9-f9a6-44b4-b719-3e3a8ff3089a,PVC Outdoor Banner 2x1m,pr354,PR354,PR354,ACTIVE,September 2026 Display Mania reseller price list; EX VAT
8ae860c1-4f28-49a9-82d1-7a0c96778057,PVC Outdoor Banner 3x1m,outdoor-displays-pr355,ACTIVE,Outdoor Displays,650742da-185d-499a-83a6-b10c5898695e,PVC Outdoor Banner 3x1m,pr355,PR355,PR355,ACTIVE,September 2026 Display Mania reseller price list; EX VAT
c9c4297b-cd31-42ed-accd-ea9c2cf277b1,Round Pop-Up Banner 1x1m,outdoor-displays-od210,ACTIVE,Outdoor Displays,bd274535-246d-47e2-a2c1-9b6d6ed759c6,Round Pop-Up Banner 1x1m,od210,OD210,OD210,ACTIVE,September 2026 Display Mania reseller price list; EX VAT
ef72cef8-ffc7-4771-b8cb-c5e2e1b18f20,Curved Kidney Promo Table 900x500x560mm,promo-counters-id295,ACTIVE,Promo Counters,056aa128-2433-4f22-9373-9f3e3edbb1ce,Curved Kidney Promo Table 900x500x560mm,id295,ID295,ID295,ACTIVE,September 2026 Display Mania reseller price list; EX VAT
4581663e-c499-421f-9b33-a39f3bd42b6f,Easy Folding Promo Table 950x450x810mm,promo-counters-id326,ACTIVE,Promo Counters,2ee9bed5-36a1-492d-b710-e963a96a8e5c,Easy Folding Promo Table 950x450x810mm,id326,ID326,ID326,ACTIVE,September 2026 Display Mania reseller price list; EX VAT
5913057e-f0bc-4dff-b43b-b6a18abb58ac,Pop-Up Expo Table 1000x400x800mm,promo-counters-id325,ACTIVE,Promo Counters,ca3ff16b-8037-4a25-a6f7-53d7fd982ec9,Pop-Up Expo Table 1000x400x800mm,id325,ID325,ID325,ACTIVE,September 2026 Display Mania reseller price list; EX VAT
b145b761-3322-49b4-b993-dda123ee2229,Standard Promo Table 900x420x820mm,promo-counters-id246,ACTIVE,Promo Counters,731c53f1-8e16-4140-981e-8bf7664cab99,Standard Promo Table 900x420x820mm,id246,ID246,ID246,ACTIVE,September 2026 Display Mania reseller price list; EX VAT
5c67085d-35a1-4c84-8f48-2be21986cd52,Standard Promo Table with Header 900x420x820mm,promo-counters-id248,ACTIVE,Promo Counters,8686a775-a3fb-40f8-8689-54b5ccbb9de4,Standard Promo Table with Header 900x420x820mm,id248,ID248,ID248,ACTIVE,September 2026 Display Mania reseller price list; EX VAT
0617c86d-6c37-412c-9336-3a61001dd697,Value Promo Table 664x850x350mm,promo-counters-id293,ACTIVE,Promo Counters,ef5e9676-e3ee-4685-84f6-3c741e68d6a5,Value Promo Table 664x850x350mm,id293,ID293,ID293,ACTIVE,September 2026 Display Mania reseller price list; EX VAT
